nodeID,longName,moveDate
ACONF00102,Hall,2023-01-01
ACONF00103,BTM Conference Center,2023-01-01
ADEPT00101,Neuroscience Waiting Room,2023-01-01
ADEPT00102,Orthopedics and Rhemutalogy,2023-01-01
ADEPT00201,MS Waiting,2023-01-01
ADEPT00301,CART Waiting,2023-01-01
AELEV00S01,Elevator S 01,2023-01-01
AELEV00S02,Elevator S 02,2023-01-01
AELEV00S03,Elevator S Floor 3,2023-01-01
AELEV00SL2,Elevator S L2,2023-01-01
AEXIT001L2,Parking Garage L2,2023-01-01
AHALL00101,Hall,2023-01-01
AHALL00102,Hall,2023-01-01
AHALL00103,Hall,2023-01-01
AHALL001L2,Hallway to Elevator,2023-01-01
AHALL00201,Hall,2023-01-01
AHALL00202,Hall,2023-01-01
AHALL00203,Hall,2023-01-01
AHALL002L2,Hallway Intersection,2023-01-01
AHALL00301,Hall,2023-01-01
AHALL00302,Hall,2023-01-01
AHALL00303,Hall,2023-01-01
AHALL003L2,Hall,2023-01-01
AHALL00401,Hall,2023-01-01
AHALL00402,Hall,2023-01-01
AHALL00403,Hall,2023-01-01
AHALL004L2,Hall,2023-01-01
AHALL00501,Hall,2023-01-01
AHALL00502,Hall,2023-01-01
AHALL00503,Hall,2023-01-01
AHALL00601,Hall,2023-01-01
AHALL00602,Hall,2023-01-01
AHALL00603,HallNode,2023-01-01
AHALL00701,Hall,2023-01-01
AHALL00801,Hall,2023-01-01
AHALL00901,Hall,2023-01-01
AHALL01001,Hall,2023-01-01
AINFO001L2,BTM Security Desk,2023-01-01
ALABS00103,Innovation Hub,2023-01-01
ALABS001L2,MRI CT Scan Imaging,2023-01-01
ALABS00203,Clinical Trials,2023-01-01
AREST00101,Restroom S elevator 1st floor,2023-01-01
AREST00103,Restroom BTM conference center 3rd floor,2023-01-01
ARETL00101,Cafe,2023-01-01
ASTAI00101,Cafe Stairs,2023-01-01
ASTAI00102,Stairs Floor 2,2023-01-01
BCONF00102,Duncan Reid Conference Room,2023-01-01
BHALL03802,Hallway Intersection 38 Level 2,2023-01-01
BDEPT00202,Oral Medicine and Dentistry,2023-01-01
BDEPT00302,Lee Bell Breast Center,2023-01-01
BDEPT00402,Jen Center for Primary Care,2023-01-01
BDEPT00502,Ear Nose & Throat,2023-01-01
BDEPT00602,Hallway Intersection 31 Level 2,2023-01-01
BDEPT00702,Plastic Surgery,2023-01-01
BDEPT00802,Outpatient Pharmacy,2023-01-01
BDEPT00902,Weiner Center for Preoperative Evaluation,2023-01-01
BHALL00102,Hallway Intersection 1 Level 2,2023-01-01
BHALL00202,Hallway Intersection 2 Level 2,2023-01-01
BHALL00302,Hallway Intersection 3 Level 2,2023-01-01
BHALL00402,Hallway Intersection 4 Level 2,2023-01-01
BHALL00502,Hallway Intersection 5 Level 2,2023-01-01
BHALL00602,Hallway Intersection 6 Level 2,2023-01-01
BHALL00702,Hallway Intersection 7 Level 2,2023-01-01
BHALL00802,Hallway Intersection 8 Level 2,2023-01-01
BHALL00902,Hallway Intersection 9 Level 2,2023-01-01
BHALL01002,Hallway Intersection 10 Level 2,2023-01-01
BHALL01102,Hallway Intersection 11 Level 2,2023-01-01
BHALL01202,Hallway Intersection 12 Level 2,2023-01-01
BHALL01302,Hallway Intersection 13 Level 2,2023-01-01
BHALL01402,Hallway Intersection 14 Level 2,2023-01-01
BHALL01502,Hallway Intersection 15 Level 2,2023-01-01
BHALL01602,Hallway Intersection 16 Level 2,2023-01-01
BHALL01702,Hallway Intersection 17 Level 2,2023-01-01
BHALL01802,Hallway Intersection 18 Level 2,2023-01-01
BHALL01902,Hallway Intersection 19 Level 2,2023-01-01
BHALL02002,Hallway Intersection 20 Level 2,2023-01-01
BHALL02102,Hallway Intersection 21 Level 2,2023-01-01
BHALL02202,Hallway Intersection 22 Level 2,2023-01-01
BHALL02302,Hallway Intersection 23 Level 2,2023-01-01
BHALL02502,Hallway Intersection 25 Level 2,2023-01-01
BHALL02602,Hallway Intersection 26 Level 2,2023-01-01
BHALL02702,Hallway Intersection 27 Level 2,2023-01-01
BHALL02802,Hallway Intersection 28 Level 2,2023-01-01
BHALL02902,Hallway Intersection 29 Level 2,2023-01-01
BHALL03002,Hallway Intersection 30 Level 2,2023-01-01
BHALL03102,Hallway Intersection 31 Level 2,2023-01-01
BHALL03202,Hallway Intersection 32 Level 2,2023-01-01
BINFO00102,Information Desk Level 2,2023-01-01
BINFO00202,Valet Service Level 2,2023-01-01
BLABS00102,Vascular Diagnostic Lab,2023-01-01
BLABS00202,Outpatient Specimen Collection,2023-01-01
BREST00102,Restroom 1 Level 2,2023-01-01
BREST00202,Restroom 2 Level 2,2023-01-01
BREST00302,Restroom 3 Level 2,2023-01-01
BREST00402,Restroom 4 Level 2,2023-01-01
BREST00502,Restroom 5 Level 2,2023-01-01
BSERV00102,Patient Financial Services,2023-01-01
BSTAI00102,Staircase Intersection 1 Level 2,2023-01-01
BSTAI00202,Staircase Intersection 2 Level 2,2023-01-01
BSTAI00302,Staircase Intersection 3 Level 2,2023-01-01
BSTAI00502,Staircase Intersection 5 Level 2,2023-01-01
BSTAI00602,Staircase Intersection 6 Level 2,2023-01-01
BSTAI00702,Staircase Intersection 7 Level 2,2023-01-01
BSTAI00802,Staircase Intersection 8 Level 2,2023-01-01
BSTAI00902,Staircase Intersection 9 Level 2,2023-01-01
BSTAI01002,Staircase Intersection 10 Level 2,2023-01-01
BHALL03302,Hallway Intersection 33 Level 2,2023-01-01
BHALL03402,Hallway Intersection 34 Level 2,2023-01-01
BHALL03502,Hallway Intersection 35 Level 2,2023-01-01
BDEPT00102,Comprehensive Breast Heath,2023-01-01
BHALL03602,Hallway Intersection 36 Level 2,2023-01-01
BHALL03702,Hallway Intersection 37 Level 2,2023-01-01
BHALL04102,Hallway Intersection 41 Level 2,2023-01-01
BHALL04202,Hallway Intersection 42 Level 2,2023-01-01
BHALL04302,Hallway Intersection 43 level 2,2023-01-01
BHALL04402,Hallway Intersection 44 Level 2,2023-01-01
CCONF001L1,Anesthesia Conf Floor L1,2023-01-01
CCONF002L1,Medical Records Conference Room Floor L1,2023-01-01
CCONF003L1,Abrams Conference Room,2023-01-01
CDEPT002L1,Day Surgery Family Waiting Floor L1,2023-01-01
CDEPT003L1,Day Surgery Family Waiting Exit Floor L1,2023-01-01
CDEPT004L1,Medical Records Film Library Floor L1,2023-01-01
CHALL001L1,Hallway 1 Floor L1,2023-01-01
CHALL001L2,Hallway K Elevator Floor L2,2023-01-01
CHALL002L1,Hallway 2 Floor L1,2023-01-01
CHALL002L2,Hallway 2 Floor L2,2023-01-01
CHALL003L1,Hallway 3 Floor L1,2023-01-01
CHALL003L2,Hallway 3 Floor L2,2023-01-01
CHALL004L1,Hallway 4 Floor L1,2023-01-01
CHALL004L2,Hallway 4 Floor L2,2023-01-01
CHALL005L1,Hallway 5 Floor L1,2023-01-01
CHALL005L2,Hallway 5 Floor L2,2023-01-01
CHALL006L1,Hallway 6 Floor L1,2023-01-01
CHALL006L2,Hallway 6 Floor L2,2023-01-01
CHALL007L1,Hallway 7 Floor L1,2023-01-01
CHALL007L2,Hallway 7 Floor L2,2023-01-01
CHALL008L1,Hallway 8 Floor L1,2023-01-01
CHALL008L2,Hallway 8 Floor L2,2023-01-01
CHALL009L1,Hallway 9 Floor L1,2023-01-01
CHALL009L2,Hallway 9 Floor L2,2023-01-01
CHALL010L1,Hallway 10 Floor L1,2023-01-01
CHALL010L2,Hallway 10 Floor L2,2023-01-01
CHALL011L1,Hallway 11 Floor L1,2023-01-01
CHALL012L1,Hallway 12 Floor L1,2023-01-01
CHALL013L1,Hallway 13 Floor L1,2023-01-01
CHALL014L1,Hallway 14 Floor L1,2023-01-01
CHALL015L1,Hallway 15 Floor L1,2023-01-01
CLABS001L1,Outpatient Fluoroscopy Floor L1,2023-01-01
CLABS001L2,Radiation Oncology TX Suite Floor L2,2023-01-01
CLABS002L1,Pre-Op PACU Floor L1,2023-01-01
CLABS002L2,Radiation Oncology Floor L2,2023-01-01
CLABS003L1,Nuclear Medicine Floor L1,2023-01-01
CLABS004L1,Ultrasound Floor L1,2023-01-01
CLABS005L1,CSIR MRI Floor L1,2023-01-01
CREST001L1,Restroom L Elevator Floor L1,2023-01-01
CREST001L2,Restroom K Elevator Floor L2,2023-01-01
CREST002L1,Restroom M Elevator Floor L1,2023-01-01
CREST002L2,Restroom L Elevator Floor L2,2023-01-01
CREST003L1,Restroom K Elevator Floor L1,2023-01-01
CREST004L1,Restroom H Elevator Floor L1,2023-01-01
CRETL001L1,Vending Machine 1 L1,2023-01-01
CSERV001L1,Volunteers Floor L1,2023-01-01
CSERV001L2,Interpreter Services Floor L2,2023-01-01
DELEV00A02,Elevator A Floor 2,2023-01-01
DELEV00B02,Elevator B Floor 2,2023-01-01
DELEV00C02,Elevator C Floor 2,2023-01-01
DELEV00D02,Elevator D Floor 2,2023-01-01
DREST00102,Restroom B elevator Floor 2,2023-01-01
DREST00202,Restroom C elevator Floor 2,2023-01-01
DREST00302,Restroom C-D elevator Floor 2,2023-01-01
DREST00402,Restroom D elevator Floor 2,2023-01-01
DINFO00102,15 Francis Security Desk Floor 2,2023-01-01
DINFO00202,Security Desk Thorn Floor 2,2023-01-01
DDEPT00102,Chest Diseases Floor 2,2023-01-01
DDEPT00202,Thoracic Surgery Clinic Floor 2,2023-01-01
DDEPT00302,Brigham Health Floor 2,2023-01-01
DDEPT00402,Waiting Room Floor 2,2023-01-01
DLABS00102,MRI Associates Floor 2,2023-01-01
DCONF00102,Carrie M. Hall Conference Center Floor 2,2023-01-01
DRETL00102,Pats Place Floor 2,2023-01-01
DEXIT00102,15 Lobby Entrance Floor 2,2023-01-01
DSTAI00102,Staircase1 Floor2,2023-01-01
DSTAI00202,Staircase2 Floor2,2023-01-01
DSTAI00302,Staircase3 Floor2,2023-01-01
DSTAI00402,Staircase4 Floor2,2023-01-01
DSTAI00502,Staircase5 Floor2,2023-01-01
DSTAI00602,Staircase6 Floor2,2023-01-01
DSTAI00702,Staircase7 Floor2,2023-01-01
DSTAI00802,Staircase8 Floor2,2023-01-01
DHALL00102,Hallway 1 Floor 2,2023-01-01
DHALL00202,Hallway 2 Floor 2,2023-01-01
DHALL00302,Hallway 3 Floor 2,2023-01-01
DHALL00402,Hallway 4 Floor 2,2023-01-01
DHALL00502,Hallway 5 Floor 2,2023-01-01
DHALL00602,Hallway 6 Floor 2,2023-01-01
DHALL00702,Hallway 7 Floor 2,2023-01-01
DHALL00802,Hallway 8 Floor 2,2023-01-01
DHALL00902,Hallway 9 Floor 2,2023-01-01
DHALL01002,Hallway 10 Floor 2,2023-01-01
DHALL01102,Hallway 11 Floor 3,2023-01-01
DHALL01202,Hallway 12 Floor 3,2023-01-01
DHALL01302,Hallway 13 Floor 3,2023-01-01
DHALL01402,Hallway 14 Floor 3,2023-01-01
DHALL01502,Hallway 15 Floor 3,2023-01-01
DHALL01602,Hallway 16 Floor 3,2023-01-01
DHALL01702,Hallway 17 Floor 3,2023-01-01
DHALL01802,Hallway 18 Floor 3,2023-01-01
DHALL01902,Hallway 19 Floor 3,2023-01-01
DHALL02002,Hallway 20 Floor 3,2023-01-01
DHALL02102,Hallway 21 Floor 4,2023-01-01
DHALL02202,Hallway 22 Floor 4,2023-01-01
DHALL02302,Hallway 23 Floor 4,2023-01-01
DHALL02402,Hallway 24 Floor 4,2023-01-01
DHALL02502,Hallway 25 Floor 4,2023-01-01
DHALL02602,Hallway 26 Floor 4,2023-01-01
DHALL02702,Hallway 27 Floor 4,2023-01-01
DHALL02802,Hallway 28 Floor 4,2023-01-01
DHALL02902,Hallway 29 Floor 4,2023-01-01
DHALL03002,Hallway 30 Floor 4,2023-01-01
DHALL03102,Hallway 31 Floor 5,2023-01-01
DHALL03202,Hallway 32 Floor 5,2023-01-01
DHALL03302,Hallway 33 Floor 5,2023-01-01
DHALL03402,Hallway 34 Floor 5,2023-01-01
DHALL03502,Hallway 35 Floor 5,2023-01-01
DHALL03602,Hallway 36 Floor 5,2023-01-01
DHALL03702,Hallway 37 Floor 5,2023-01-01
DHALL03802,Hallway 38 Floor 5,2023-01-01
DHALL03902,Hallway 39 Floor 5,2023-01-01
DHALL04002,Hallway 40 Floor 5,2023-01-01
DHALL04102,Hallway 41 Floor 6,2023-01-01
DHALL04202,Hallway 42 Floor 6,2023-01-01
DHALL04302,Hallway 43 Floor 6,2023-01-01
DHALL04402,Hallway 44 Floor 6,2023-01-01
DHALL04502,Hallway 45 Floor 6,2023-01-01
DHALL04602,Hallway 46 Floor 6,2023-01-01
DHALL04702,Hallway 47 Floor 6,2023-01-01
DHALL04802,Hallway 48 Floor 2,2023-01-01
DHALL04902,Hallway 49 Floor 2,2023-01-01
DHALL05002,Hallway 50 Floor 2,2023-01-01
DHALL05102,Hallway 51 Floor 2,2023-01-01
DHALL05202,Hallway 52 Floor 2,2023-01-01
DHALL05302,Hallway 53 Floor 2,2023-01-01
DHALL05402,Hallway 54 Floor 2,2023-01-01
DHALL05502,Hallway 55 Floor 2,2023-01-01
DHALL05602,Hallway 56 Floor 2,2023-01-01
DHALL05702,Hallway 57 Floor 2,2023-01-01
DHALL05802,Hallway 58 Floor 2,2023-01-01
PHALL00102,Kiosk,2023-01-01
ESTAI00101,Staircase K1 Floor 1,2023-01-01
EHALL00301,Hallway Node 1 Floor 1,2023-01-01
EHALL00401,Hallway Node 2 Floor 1,2023-01-01
ESTAI00201,Staircase J1 Floor 1,2023-01-01
EEXIT00101,Ambulance Parking Exit Floor 1,2023-01-01
EHALL00501,Hallway Node 3 Floor 1,2023-01-01
EHALL00601,Hallway Node 4 Floor 1,2023-01-01
EHALL00701,Hallway Node 5 Floor 1,2023-01-01
EDEPT00101,Waiting Room 1 Floor 1,2023-01-01
EHALL00801,Hallway Node 6 Floor 1,2023-01-01
EINFO00101,Connors Center Security Desk Floor 1,2023-01-01
EHALL00901,Hallway Node 7 Floor 1,2023-01-01
EHALL01001,Hallway Node 8 Floor 1,2023-01-01
EHALL01101,Hallway Node 9 Floor 1,2023-01-01
EHALL01201,Hallway Node 10 Floor 1,2023-01-01
EHALL01301,Hallway Node 11 Floor 1,2023-01-01
EHALL01401,Hallway Node 12 Floor 1,2023-01-01
EHALL01501,Hallway Node 13 Floor 1,2023-01-01
EHALL01601,Hallway Node 14 Floor 1,2023-01-01
EHALL01701,Hallway Node 15 Floor 1,2023-01-01
EHALL01801,Hallway Node 16 Floor 1,2023-01-01
EHALL01901,Hallway Node 17 Floor 1,2023-01-01
EHALL02001,Hallway Node 18 Floor 1,2023-01-01
EREST00101,Restroom G1 Floor 1,2023-01-01
EEXIT00201,Exit 2 Floor 1,2023-01-01
ELABS00101,Asthma Research Floor 1,2023-01-01
EDEPT00201,Wound and Ambulatory 1,2023-01-01
EDEPT00301,Ocupational Health Floor 1,2023-01-01
EHALL02101,Hallway Node 19 Floor 1,2023-01-01
EHALL02201,Hallway Node 20 Floor 1,2023-01-01
EHALL02301,Hallway Node 21 Floor 1,2023-01-01
EHALL02401,Hallway Node 22 Floor 1,2023-01-01
EHALL02501,Hallway Node 23 Floor 1,2023-01-01
EREST00201,Restroom F1 Floor 1,2023-01-01
EHALL02601,Hallway Node 24 Floor 1,2023-01-01
EHALL02701,Hallway Node 25 Floor 1,2023-01-01
EHALL02801,Hallway Node 26 Floor 1,2023-01-01
EHALL02901,Hallway Node 27 Floor 1,2023-01-01
EHALL03001,Hallway Node 28 Floor 1,2023-01-01
ESTAI00301,Staircase H1 Floor 1,2023-01-01
EREST00301,Restroom H1 Floor 1,2023-01-01
ELABS00201,Ambulatory X-Ray Floor 1,2023-01-01
EDEPT00401,Rehabilitation Services Floor 1,2023-01-01
EHALL03101,Hallway Node 29 Floor 1,2023-01-01
EHALL03201,Hallway Node 30 Floor 1,2023-01-01
EHALL03301,Hallway Node 31 Floor 1,2023-01-01
ESTAI00401,Staircase H2 Floor 1,2023-01-01
EHALL03401,Hallway Node 32 Floor 1,2023-01-01
EHALL03501,Hallway Node 33 Floor 1,2023-01-01
EHALL03601,Hallway Node 34 Floor 1,2023-01-01
FHALL00101,Lower Pike Hallway Exit Lobby,2023-01-01
FHALL00201,Lobby Shattuck Street,2023-01-01
FSTAI00101,Lobby Shattuck Street Stairs,2023-01-01
FHALL00301,Shattuck Street Lobby 1,2023-01-01
FEXIT00101,Shattuck Street Lobby Exit,2023-01-01
FHALL00401,Shattuck Street Lobby 2,2023-01-01
FRETL00101,Lobby Vending Machine,2023-01-01
FHALL00501,Shattuck Street Lobby 3,2023-01-01
FSERV00101,Shattuck Street Lobby ATM,2023-01-01
FHALL00601,Tower Lobby Entrance 1,2023-01-01
FHALL00701,Tower Elevator Entrance,2023-01-01
FHALL00801,Tower Hallway 1,2023-01-01
FHALL01301,Tower Hallway 5,2023-01-01
FHALL00901,Tower Hallway 2,2023-01-01
FHALL01001,Tower Hallway 3,2023-01-01
FSTAI00201,Tower Stairway 1,2023-01-01
FHALL01101,Tower Hallway 4,2023-01-01
FHALL01201,Tower Staff Entrance,2023-01-01
FDEPT00101,Center for International Medicine,2023-01-01
FSERV00401,Spiritual Care Office,2023-01-01
FHALL01401,Tower Hallway 6,2023-01-01
FSERV00201,Tower Medical Cashier,2023-01-01
FHALL01501,Tower Hallway 7,2023-01-01
FHALL01601,Tower Hallway 8,2023-01-01
FHALL01701,Tower Hallway 9,2023-01-01
FDEPT00301,Multifaith Chapel,2023-01-01
FHALL01801,Tower Hallway 10,2023-01-01
FHALL01901,Tower Hallway 11,2023-01-01
FHALL02001,Tower Hallway 12,2023-01-01
FDEPT00201,Bretholtz Center for Patients and Families,2023-01-01
FSERV00301,Kessler Library,2023-01-01
FHALL02101,Tower Hallway Entrance,2023-01-01
FDEPT00401,Sharf Admitting Center,2023-01-01
FHALL02201,Hallway Lobby Entrance,2023-01-01
FLABS00101,Obstetrics Admitting,2023-01-01
FHALL02301,Lobby Hallway 1,2023-01-01
FHALL02401,Lobby Hallway 2,2023-01-01
FHALL02501,Lobby Hallway 3,2023-01-01
FSTAI00301,Lobby Escalator,2023-01-01
FHALL02601,Lobby Hallway 4,2023-01-01
FHALL02701,Lobby Hallway 7,2023-01-01
FDEPT00501,Emergency Department,2023-01-01
FHALL02801,Lobby Entrance Hallway,2023-01-01
FEXIT00201,75 Francis Valet Drop-off,2023-01-01
FHALL02901,75 Lobby,2023-01-01
FINFO00101,75 Lobby Information Desk,2023-01-01
FSERV00501,75 Lobby Valet Cashier,2023-01-01
FHALL03001,Lobby Hallway 5,2023-01-01
FRETL00201,Au Bon Pain,2023-01-01
FHALL03101,Lobby Hallway 6,2023-01-01
FREST00101,Bathroom 75 Lobby,2023-01-01
FEXIT00301,Emergency Department Entrance,2023-01-01
FHALL03201,Tower Hallway 13,2023-01-01
FDEPT00601,International Patient Center,2023-01-01
FHALL03301,Emergency Hallway,2023-01-01
GCONF02001,Shapiro Board Room MapNode 20 Floor 1,2023-01-01
GDEPT01901,Zinner Breakout Room MapNode 19 Floor 1,2023-01-01
GELEV00N01,Elevator N MapNode 26 Floor 1,2023-01-01
GELEV00Q01,Elevator Q MapNode 18 Floor 1,2023-01-01
GEXIT00101,Francis Street Exit MapNode 1 Floor 1,2023-01-01
GHALL00201,Hallway MapNode 2 Floor 1,2023-01-01
GHALL00301,Hallway MapNode 3 Floor 1,2023-01-01
GHALL00601,Hallway MapNode 6 Floor 1,2023-01-01
GHALL00701,Hallway MapNode 7 Floor 1,2023-01-01
GHALL00801,Hallway MapNode 8 Floor 1,2023-01-01
GHALL00901,Hallway MapNode 9 Floor 1,2023-01-01
GHALL01001,Hallway MapNode 10 Floor 1,2023-01-01
GHALL01401,Hallway MapNode 14 Floor 1,2023-01-01
GHALL01501,Hallway MapNode 15 Floor 1,2023-01-01
GHALL01601,Hallway MapNode 16 Floor 1,2023-01-01
GHALL01701,Hallway MapNode 17 Floor 1,2023-01-01
GHALL02101,Hallway MapNode 21 Floor 1,2023-01-01
GHALL02201,Hallway MapNode 22 Floor 1,2023-01-01
GHALL02401,Hallway MapNode 24 Floor 1,2023-01-01
GHALL02801,Hallway MapNode 28 Floor 1,2023-01-01
GHALL02901,Hallway MapNode 29 Floor 1,2023-01-01
GHALL03001,Hallway MapNode 30 Floor 1,2023-01-01
GHALL03101,Hallway MapNode 31 Floor 1,2023-01-01
GHALL03301,Hallway MapNode 33 Floor 1,2023-01-01
GHALL03401,Hallway MapNode 34 Floor 1,2023-01-01
GREST01201,Bathroom MapNode 12 Floor 1,2023-01-01
GRETL03501,Random Room MapNode 35 Floor 1,2023-01-01
GSERV02301,ATM MapNode 23 Floor 1,2023-01-01
GSTAI00501,Stairway MapNode 5 Floor 1,2023-01-01
GSTAI01301,Staircase MapNode 13 Floor 1,2023-01-01
GDEPT00702,Waiting room? Node 7 Floor 2,2023-01-01
GDEPT02402,Watkins A Node 24 Floor 2 Floor 2,2023-01-01
GDEPT03502,Watkins B Node 35 Floor 2,2023-01-01
GELEV00N02,Elevator N Node 25 Floor 2,2023-01-01
GELEV00Q02,Elevator Q Node 31a Floor 2,2023-01-01
GHALL00102,Hall Node 1 Floor 2,2023-01-01
GHALL00202,Hall Node 2 Floor 2,2023-01-01
GHALL00302,Hall Node 3 Floor 2,2023-01-01
GHALL00402,Hall Node 4 Floor 2,2023-01-01
GHALL00502,Hall Node 5 Floor 2,2023-01-01
GHALL01002,Hall Node 10 Floor 2,2023-01-01
GHALL01102,Hall Node 11 Floor 2,2023-01-01
GHALL01202,Hall Node 12 Floor 2,2023-01-01
GHALL01302,Hall Node 13 Floor 2,2023-01-01
GHALL01402,Hall Node 14 Floor 2,2023-01-01
GHALL01502,Hall Node 15 Floor 2,2023-01-01
GHALL01602,Hall Node 16 Floor 2,2023-01-01
GHALL01702,Hall Node 17 (Exit?) Floor 2,2023-01-01
GHALL01802,Hall Node 18 Floor 2,2023-01-01
GHALL02002,Hall Node 20 Floor 2,2023-01-01
GHALL02102,Hall Node 21 Floor 2,2023-01-01
GHALL02202,Hall Node 22 Floor 2,2023-01-01
GHALL02302,Hall Node 23 Floor 2,2023-01-01
GHALL02702,Hall Node 27 Floor 2,2023-01-01
GHALL02902,Hall Node 29 Floor 2,2023-01-01
GHALL03002,Hall Node 30 Floor 2,2023-01-01
GHALL03202,Hall Node 32 Floor 2,2023-01-01
GHALL03302,Hall Node 33 Floor 2,2023-01-01
GHALL03402,Hall Node 34 Floor 2,2023-01-01
GHALL03602,Hall Node 36 Floor 2,2023-01-01
GHALL03702,Hall Node 37 Floor 2,2023-01-01
GHALL03802,Hall Node 38 Floor 2,2023-01-01
GINFO01902,Info Node 19 Floor 2,2023-01-01
GREST00602,Restroom Node 6 Floor 2,2023-01-01
GREST03102,Restroom Node 31 Floor 2,2023-01-01
GSTAI02602,Stairs Node 26 Floor 2,2023-01-01
GSTAI02802,Stairs Node 28 Floor 2,2023-01-01
GDEPT00403,Brigham Circle Medical Associates Node 4 Floor 3,2023-01-01
GDEPT01403,Watkins Clinic C Node 14 Floor 3,2023-01-01
GELEV00N03,Elevator N Node 15 Floor 3,2023-01-01
GELEV00Q03,Elevator Q Node 5 Floor 3,2023-01-01
GHALL00103,Hallway Node 1 Floor 3,2023-01-01
GHALL00203,Hallway Node 2 Floor 3,2023-01-01
GHALL00303,Hallway Node 3 Floor 3,2023-01-01
GHALL00603,Hallway Node 6 Floor 3,2023-01-01
GHALL00703,Hallway Node 7 Floor 3,2023-01-01
GHALL00803,Hallway Node 8 Floor 3,2023-01-01
GHALL01003,Hallway Node 10 Floor 3,2023-01-01
GHALL01103,Hallway Node 11 Floor 3,2023-01-01
GHALL01303,Hallway Node 13 Floor 3,2023-01-01
GREST01203,Restroom Node 12 Floor 3,2023-01-01
GSERV01603,The Porch Node 16 Floor 3,2023-01-01
GSTAI00903,Staircase Node 9 Floor 3,2023-01-01
GELEV00QL1,Elevator Q MapNode 7 Floor L1,2023-01-01
GEXIT001L1,Fenwood Road Exit MapNode 1 Floor L1,2023-01-01
GHALL002L1,Hallway MapNode 2 Floor L1,2023-01-01
GHALL003L1,Hallway MapNode 3 Floor L1,2023-01-01
GHALL004L1,Hallway MapNode 4 Floor L1,2023-01-01
GHALL005L1,Hallway MapNode 5 Floor L1,2023-01-01
GHALL006L1,Hallway MapNode 6 Floor L1,2023-01-01
GSTAI008L1,Stairs MapNode 8 Floor L1,2023-01-01
GELEV00QL2,Elevator Q MapNode 6 Floor L2,2023-01-01
GHALL001L2,Hallway MapNode 1 Floor L2,2023-01-01
GHALL005L2,Hallway MapNode 5 Floor L2,2023-01-01
GHALL007L2,Hallway MapNode 7 Floor L2,2023-01-01
GHALL008L2,Hallway MapNode 8 Floor L2,2023-01-01
GHALL009L2,Hallway MapNode 9 Floor L2,2023-01-01
GHALL010L2,Hallway MapNode 10 Floor L2,2023-01-01
GHALL011L2,Hallway MapNode 11 Floor L2,2023-01-01
GHALL012L2,Hallway MapNode 12 Floor L2,2023-01-01
GHALL013L2,Hallway MapNode 13 Floor L2,2023-01-01
GHALL016L2,Hallway MapNode 16 Floor L2,2023-01-01
GHALL017L2,Hallway MapNode 17 Floor L2,2023-01-01
GLABS003L2,Cardiovascular Imaging Center Floor L2,2023-01-01
GLABS014L2,Cardiac Stress Test Lab Floor L2,2023-01-01
GLABS015L2,CVRR Floor L2,2023-01-01
GREST004L2,Restroom MapNode 4 Floor L2,2023-01-01
HHALL00102,Hallway Connector 1 Floor 2,2023-01-01
HHALL00202,Hallway Connector 2 Floor 2,2023-01-01
HRETL00102,Garden Cafe,2023-01-01
HHALL00302,Hallway Connector 3 Floor 2,2023-01-01
HSTAI00102,Stairwell 1 Floor 2,2023-01-01
HHALL00402,Hallway Connector 4 Floor 2,2023-01-01
HHALL00502,Hallway Connector 5 Floor 2,2023-01-01
HRETL00202,Vending Machine Floor 2?,2023-01-01
HBATH00102,Bathroom 1 Tower Floor 2,2023-01-01
HRETL00302,Gift Shop Tower Floor 2,2023-01-01
HHALL00602,Hallway Connector 6 Floor 2,2023-01-01
HHALL00702,Hallway Connector 7 Floor 2,2023-01-01
HSTAI00202,Stairwell 2 Tower Floor 2,2023-01-01
HHALL00802,Hallway Connector 8 Floor 2,2023-01-01
HSTAI00302,Escalator 1 Floor 2,2023-01-01
HHALL00902,Hallway Connector 9 Floor 2,2023-01-01
HHALL01002,Hallway Connector 10 Floor 2,2023-01-01
HDEPT00102,Endoscopy,2023-01-01
HHALL00503,Hallway Connector 5 Floor 3,2023-01-01
HSTAI00103,Stairwell 1 Floor 3,2023-01-01
HHALL00403,Hallway Connector 4 Floor 3,2023-01-01
HHALL00303,Hallway Connector 3 Floor 3,2023-01-01
HHALL00203,Hallway Connector 2 Floor 3,2023-01-01
HLABS00103,Reproductive Endocrine Labs,2023-01-01
HHALL00103,Hallway Connector 1 Floor 3,2023-01-01
HHALL00603,Hallway Connector 6 Floor 3,2023-01-01
HHALL00703,Hallway Connector 7 Floor 3,2023-01-01
HDEPT00103,Dialysis Waiting Room,2023-01-01
HHALL00803,Hallway Connector 8 Floor 3,2023-01-01
HSERV00103,Nursing Room,2023-01-01
HHALL00903,Hallway Connector 9 Floor 3,2023-01-01
HHALL01003,Hallway Connector 10 Floor 3,2023-01-01
HBATH00103,Bathroom 1 Tower Floor 3,2023-01-01
HHALL01103,Hallway Connector 11 Floor 3,2023-01-01
HDEPT00203,MICU 3BC Waiting Room,2023-01-01
HHALL01203,Hallway Connector 12 Floor 3,2023-01-01
HHALL01303,Hallway Connector 13 Floor 3,2023-01-01
HHALL01403,Hallway Connector 14 Floor 3,2023-01-01
HHALL01503,Hallway Connector 15 Floor 3,2023-01-01
HBATH00203,Bathroom 2 Tower Floor 3,2023-01-01
IHALL00103,Hallway Node 1,2023-01-01
IHALL00203,Hallway Node 2,2023-01-01
IHALL00303,Hallway Node 3,2023-01-01
IHALL00403,Hallway Node 4,2023-01-01
IHALL00503,Hallway Node 5,2023-01-01
IHALL00603,Hallway Node 6,2023-01-01
IHALL00703,Hallway Node 7,2023-01-01
IHALL00803,Hallway Node 8,2023-01-01
IHALL00903,Hallway Node 9,2023-01-01
IHALL01003,Hallway Node 10,2023-01-01
IHALL01103,Hallway Node 11,2023-01-01
IHALL01203,Hallway Node 12,2023-01-01
IHALL01303,Hallway Node 13,2023-01-01
IHALL01403,Hallway Node 14,2023-01-01
IHALL01503,Hallway Node 15,2023-01-01
IHALL01603,Hallway Node 16,2023-01-01
IHALL01703,Hallway Node 17,2023-01-01
IHALL01803,Hallway Node 18,2023-01-01
IHALL01903,Hallway Node 19,2023-01-01
IHALL02003,Hallway Node 20,2023-01-01
IHALL02203,Hallway Node 22,2023-01-01
IREST00103,Restroom 1 - Family,2023-01-01
IREST00203,Restroom 2,2023-01-01
IREST00303,Restroom 3,2023-01-01
IREST00403,Restroom 4 - M wheelchair,2023-01-01
IREST00503,Restroom 5 - F wheelchair,2023-01-01
IDEPT00103,Center for Infertility and Reproductive Surgery,2023-01-01
IDEPT00203,Gynecology Oncology MIGS,2023-01-01
IDEPT00303,General Surgical Specialties Suite A,2023-01-01
IDEPT00403,General Surgical Specialties Suite B,2023-01-01
IDEPT00503,Urology,2023-01-01
IDEPT00603,Maternal Fetal Practice,2023-01-01
IDEPT00703,Obstetrics,2023-01-01
IDEPT00803,Fetal Med & Genetics,2023-01-01
IDEPT00903,Gynecology,2023-01-01
WELEV00E01,Elevator E Floor 1,2023-01-01
WELEV00E02,Elevator E Floor 2,2023-01-01
WELEV00F01,Elevator F Floor 1,2023-01-01
WELEV00F02,Elevator F Floor 2,2023-01-01
WELEV00G01,Elevator G Floor 1,2023-01-01
WELEV00G02,Elevator G Floor 2,2023-01-01
WELEV00HL1,Elevator H Floor L1,2023-01-01
WELEV00H01,Elevator H Floor 1,2023-01-01
WELEV00H02,Elevator H Floor 2,2023-01-01
WELEV00H03,Elevator H Floor 3,2023-01-01
WELEV00JL2,Elevator J Floor L2,2023-01-01
WELEV00JL1,Elevator J Floor L1,2023-01-01
WELEV00J01,Elevator J Floor 1,2023-01-01
WELEV00J02,Elevator J Floor 2,2023-01-01
WELEV00J03,Elevator J Floor 3,2023-01-01
WELEV00KL2,Elevator K Floor L2,2023-01-01
WELEV00KL1,Elevator K Floor L1,2023-01-01
WELEV00K01,Elevator K Floor 1,2023-01-01
WELEV00K02,Elevator K Floor 2,2023-01-01
WELEV00K03,Elevator K Floor 3,2023-01-01
WELEV00LL2,Elevator L Floor L2,2023-01-01
WELEV00LL1,Elevator L Floor L1,2023-01-01
WELEV00L01,Elevator L Floor 1,2023-01-01
WELEV00L02,Elevator L Floor 2,2023-01-01
WELEV00L03,Elevator L Floor 3,2023-01-01
WELEV00ML2,Elevator M Floor L2,2023-01-01
WELEV00ML1,Elevator M Floor L1,2023-01-01
WELEV00M01,Elevator M Floor 1,2023-01-01
WELEV00M02,Elevator M Floor 2,2023-01-01
WELEV00M03,Elevator M Floor 3,2023-01-01
WHALL001L2,Hallway Connector 1 Floor L2,2023-01-01
WHALL002L2,Hallway Connector 2 Floor L2,2023-01-01
WHALL00101,Hallway Connector 1 Floor 1,2023-01-01
WHALL00201,Hallway Connector 2 Floor 1,2023-01-01
WHALL00103,Hallway Connector 1 Floor 3,2023-01-01
WHALL00203,Hallway Connector 2 Floor 3,2023-01-01
WHALL00102,Hallway Connector 1 Floor 2,2023-01-01
WHALL00202,Hallway Connector 2 Floor 2,2023-01-01
WHALL00302,Hallway Connector 3 Floor 2,2023-01-01
WHALL00402,Hallway Connector 4 Floor 2,2023-01-01
WHALL00502,Hallway Connector 5 Floor 2,2023-01-01
WHALL00602,Hallway Connector 6 Floor 2,2023-01-01
WHALL00702,Hallway Connector 7 Floor 2,2023-01-01
WHALL00802,Hallway Connector 8 Floor 2,2023-01-01
WHALL00902,Hallway Connector 9 Floor 2,2023-01-01
WHALL01002,Hallway Connector 10 Floor 2,2023-01-01
,,
